{"epoch": 3, "valid_loss": 0.4473307281732559, "valid_metric": 0.414569616317749}