{"epoch": 3, "valid_loss": 0.4336923509836197, "valid_metric": 0.38918283581733704}