{"epoch": 3, "valid_loss": 0.45387789607048035, "valid_metric": 0.4154783636331558}