{"epoch": 3, "valid_loss": 0.4643039107322693, "valid_metric": 0.427806556224823}