{"epoch": 3, "valid_loss": 0.7586266994476318, "valid_metric": 0.7352559566497803}