{"epoch": 3, "valid_loss": 0.2832159698009491, "valid_metric": 0.23105475306510925}