{"epoch": 0, "valid_loss": 0.4045499563217163, "valid_metric": 0.3606075048446655}