{"epoch": 3, "valid_loss": 0.7087266147136688, "valid_metric": 0.6850921213626862}