{"epoch": 3, "valid_loss": 0.6502567827701569, "valid_metric": 0.6275670528411865}