{"epoch": 3, "valid_loss": 0.3200036436319351, "valid_metric": 0.26841771602630615}