{"epoch": 3, "valid_loss": 0.24025381356477737, "valid_metric": 0.19312352935473123}