{"epoch": 3, "valid_loss": 0.2019244929154714, "valid_metric": 0.17058145006497702}